{
  "version": 1,
  "author": "Anonymous maker",
  "editor": "wokwi",
  "parts": [
    {
      "type": "wokwi-arduino-uno",
      "id": "uno",
      "top": 10.2,
      "left": 57,
      "attrs": {}
    },
    {
      "type": "wokwi-lm35",
      "id": "temp",
      "top": -90,
      "left": 180,
      "attrs": {}
    },
    {
      "type": "wokwi-led",
      "id": "heaterLed",
      "top": -90,
      "left": 300,
      "attrs": { "color": "red" }
    },
    {
      "type": "wokwi-buzzer",
      "id": "buzzer",
      "top": -90,
      "left": 400,
      "attrs": {}
    },
    {
      "type": "wokwi-lcd1602",
      "id": "lcd",
      "top": 180,
      "left": 100,
      "attrs": {
        "pins": "i2c"
      }
    }
  ],
  "connections": [
    [ "temp:VCC", "uno:5V", "red", [ "v0", "h-50", "v160" ] ],
    [ "temp:GND", "uno:GND.2", "black", [ "v0", "h-30", "v150" ] ],
    [ "temp:OUT", "uno:A0", "blue", [ "v0", "h-10", "v90" ] ],

    [ "heaterLed:C", "uno:GND.1", "black", [ "v30", "h-40", "v120" ] ],
    [ "heaterLed:A", "uno:8", "red", [ "v0", "h-70", "v90" ] ],

    [ "buzzer:1", "uno:9", "purple", [ "v0", "h-60", "v80" ] ],
    [ "buzzer:2", "uno:GND.1", "black", [ "v0", "h-20", "v100" ] ],

    [ "lcd:GND", "uno:GND.3", "black", [ "v0", "h-40", "v30" ] ],
    [ "lcd:VCC", "uno:5V", "red", [ "v0", "h-60", "v30" ] ],
    [ "lcd:SDA", "uno:A4", "green", [ "v0", "h-80", "v20" ] ],
    [ "lcd:SCL", "uno:A5", "yellow", [ "v0", "h-100", "v20" ] ]
  ],
  "dependencies": {}
}
